{
  "v": "5.7.4",
  "fr": 30,
  "ip": 0,
  "op": 60,
  "w": 500,
  "h": 500,
  "nm": "Simple Spinner",
  "ddd": 0,
  "assets": [],
  "layers": [
    {
      "ddd": 0,
      "ind": 1,
      "ty": 4,
      "nm": "Circle Spinner",
      "sr": 1,
      "ks": {
        "o": { "a": 0, "k": 100 },
        "r": {
          "a": 1,
          "k": [
            { "t": 0, "s": 0, "e": 360, "i": { "x": [0.667], "y": [1] }, "o": { "x": [0.333], "y": [0] } },
            { "t": 60 }
          ]
        },
        "p": { "a": 0, "k": [250, 250, 0] },
        "a": { "a": 0, "k": [0, 0, 0] },
        "s": { "a": 0, "k": [100, 100, 100] }
      },
      "shapes": [
        {
          "ty": "el",
          "p": { "a": 0, "k": [0, 0] },
          "s": { "a": 0, "k": [100, 100] },
          "nm": "Ellipse Path 1"
        },
        {
          "ty": "st",
          "c": { "a": 0, "k": [0.26, 0.66, 0.96, 1] },
          "o": { "a": 0, "k": 100 },
          "w": { "a": 0, "k": 10 },
          "lc": 2,
          "lj": 2,
          "nm": "Stroke 1"
        },
        {
          "ty": "tr",
          "p": { "a": 0, "k": [0, 0] },
          "a": { "a": 0, "k": [0, 0] },
          "s": { "a": 0, "k": [100, 100] },
          "r": { "a": 0, "k": 0 },
          "o": { "a": 0, "k": 100 },
          "sk": { "a": 0, "k": 0 },
          "sa": { "a": 0, "k": 0 },
          "nm": "Transform"
        }
      ],
      "ip": 0,
      "op": 60,
      "st": 0,
      "bm": 0
    }
  ]
}