{
  "v": "5.5.9",
  "fr": 30,
  "ip": 0,
  "op": 60,
  "w": 400,
  "h": 400,
  "nm": "Clustering Dots",
  "ddd": 0,
  "assets": [],
  "layers": [
    {
      "ty": 4,
      "nm": "Bouncing Dots",
      "ks": {
        "p": { "a": 1, "k": [ { "t": 0, "s": [200, 400], "e": [200, 200] }, { "t": 30 } ] },
        "a": { "a": 0, "k": [0, 0, 0] },
        "s": { "a": 0, "k": [100, 100, 100] },
        "r": { "a": 0, "k": 0 },
        "o": { "a": 0, "k": 100 }
      },
      "shapes": [
        {
          "ty": "el",
          "s": { "a": 0, "k": [20, 20] },
          "p": { "a": 0, "k": [0, 0] },
          "nm": "Dot"
        },
        {
          "ty": "fl",
          "c": { "a": 0, "k": [0.6, 0.3, 0.8, 1] },
          "o": { "a": 0, "k": 100 }
        }
      ]
    }
  ]
}