{
  "v": "5.5.9",
  "fr": 30,
  "ip": 0,
  "op": 60,
  "w": 400,
  "h": 400,
  "nm": "Loader",
  "ddd": 0,
  "assets": [],
  "layers": [
    {
      "ty": 4,
      "nm": "Rotating Ring",
      "ks": {
        "r": { "a": 1, "k": [ { "t": 0, "s": 0, "e": 360 }, { "t": 60 } ] },
        "p": { "a": 0, "k": [200, 200, 0] },
        "a": { "a": 0, "k": [0, 0, 0] },
        "s": { "a": 0, "k": [100, 100, 100] },
        "o": { "a": 0, "k": 100 }
      },
      "shapes": [
        {
          "ty": "el",
          "s": { "a": 0, "k": [150, 150] },
          "p": { "a": 0, "k": [0, 0] },
          "nm": "Ellipse Path"
        },
        {
          "ty": "st",
          "c": { "a": 0, "k": [1, 0.2, 0.4, 1] },
          "o": { "a": 0, "k": 100 },
          "w": { "a": 0, "k": 12 }
        }
      ]
    }
  ]
}