{
  "v": "5.5.9",
  "fr": 30,
  "ip": 0,
  "op": 60,
  "w": 400,
  "h": 400,
  "nm": "Report Icon",
  "ddd": 0,
  "assets": [],
  "layers": [
    {
      "ty": 4,
      "nm": "Paper Sheet",
      "ks": {
        "p": { "a": 0, "k": [200, 200, 0] },
        "a": { "a": 0, "k": [0, 0, 0] },
        "s": { "a": 1, "k": [ { "t": 0, "s": [0, 0, 100], "e": [100, 100, 100] }, { "t": 30 } ] },
        "r": { "a": 0, "k": 0 },
        "o": { "a": 0, "k": 100 }
      },
      "shapes": [
        {
          "ty": "rc",
          "s": { "a": 0, "k": [200, 250] },
          "p": { "a": 0, "k": [0, 0] },
          "r": { "a": 0, "k": 15 }
        },
        {
          "ty": "fl",
          "c": { "a": 0, "k": [1, 1, 1, 1] },
          "o": { "a": 0, "k": 100 }
        }
      ]
    }
  ]
}